측정지점,주소,법적,지역,용도구분,위도,경도
크라운호텔 앞,서울특별시 용산구 이태원동 34-150 앞 보도,가,도로,전용주거지역,37.53091704,126.9907818
회기동,서울특별시 동대문구 회기동 60-58 앞 도로,가,도로,종합병원지역,37.59150638,127.0510321
성북초교,서울특별시 성북구 성북동 126-4 앞 도로,나,도로,일반주거지역,37.59319648,126.9995933
기업은행,서울특별시 성북구 종암동 3-395 앞 보도,나,도로,준주거지역,37.59993619,127.0342215
불광동,서울특별시 은평구 불광동 275-1 앞 보도,가,도로,학교지역,37.611419,126.9303177
북아현동,서울특별시 서대문구 북아현동 251-40 앞 보도,나,도로,일반주거지역,37.55709987,126.9488589
반포본동,서울특별시 서초구 반포동 1036 앞 보도,나,도로,일반주거지역,37.50032666,126.9853083
삼신빌딩,서울특별시 강남구 압구정동 598-6 앞 도로,나,도로,일반주거지역,37.52287593,127.0284883
숙명여고 앞,서울특별시 강남구 도곡동 91번지 앞 도로,가,도로,학교지역,37.49026598,127.053579
주남혁소아과,부산광역시 서구 부민동2가 14-1 옆 보도,가,도로,종합병원지역,35.10199936,129.0198441
구덕운동장동쪽,부산광역시 서구 동대신동3가 121-13앞 화단내,나,도로,일반주거지역,35.11643865,129.0173021
동래우체국 앞,부산광역시 동래구 명륜동 683-13 앞 도로,가,도로,학교지역,35.20915061,129.0823028
하나한의원 앞,부산광역시 연제구 연산동 841-47 앞 도로,나,도로,일반주거지역,35.17466078,129.0810201
대부자동차정비앞,부산광역시 수영구 광안동 98-1 앞 보도,나,도로,준주거지역,35.16490315,129.1147727
새동산약국앞,대구광역시 중구 동산동 75-12 앞 보도,가,도로,종합병원지역,35.87052902,128.5826522
계명약국 옆,대구광역시 남구 대명동 2130-11 앞 도로,가,도로,학교지역,35.85657132,128.5821248
원음피아노 앞,대구광역시 수성구 상동 411-1 앞 도로,나,도로,일반주거지역,35.84019578,128.6121153
국립대구박물관정문,대구광역시 수성구 황금동 92번지 앞,나,도로,일반주거지역,35.84391733,128.63882
축협월성지점앞,대구광역시 달서구 본동 737 앞 보도,나,도로,일반주거지역,35.83681604,128.5367892
학익2동사무소 앞,인천광역시 남구 학익동 4-16앞 보도,나,도로,일반주거지역,37.44638243,126.6674887
서해상가,인천광역시 남구 용현동 629-5앞 보도,나,도로,준주거지역,37.45421462,126.633752
적십자병원 정문,인천광역시 연수구 연수동 579,가,도로,종합병원지역,37.41656129,126.6879845
전병원,인천광역시 남동구 만수동 982-1앞 보도,나,도로,일반주거지역,37.44860891,126.7312451
논곡초등학교앞,인천광역시 남동구 논현동 563-5,가,도로,학교지역,37.41006781,126.7093992
주차장앞(치과병원),광주광역시 동구 서석동 433-4 앞 도로,가,도로,종합병원지역,35.14496789,126.9267098
새마을금고앞,광주광역시 동구 산수동 511-1 앞 보도,나,도로,일반주거지역,35.15521747,126.936468
봉선1로 63,광주광역시 남구 봉선동 1010-5,나,도로,일반주거지역,35.12770098,126.9088697
일곡중학교,광주광역시 북구 일곡동 850-4 앞 보도,가,도로,학교지역,35.20854962,126.8977126
파워디지털 017,광주광역시 북구 중흥동 599-108 앞 보도,나,도로,준주거지역,35.16595687,126.9149894
[IOT]청주식당 앞,대전광역시 동구 가양동 293-9,나,도로,일반주거지역,36.3425945,127.4422275
[IOT]큰솔아파트 맞은편,대전광역시 동구 가양동 163-2,나,일반,일반주거지역,36.3469719,127.4518676
[IOT]맘스터치 앞,대전광역시 동구 가양동 162-3,나,도로,일반주거지역,36.3478759,127.4509488
[IOT]천광교회 옆,대전광역시 동구 대동 355-1,나,일반,일반주거지역,36.3247225,127.4476516
[IOT]대동펜타뷰아파트 정문 건너편,대전광역시 동구 대동 196-7,나,도로,일반주거지역,36.3261195,127.446436
[IOT]용운도서관 앞,대전광역시 동구 용운동 389-2,가,일반,학교지역,36.3256968,127.4638409
[IOT]용운초등학교 건너편,대전광역시 동구 용운동 303,가,도로,학교지역,36.3262576,127.4637783
[IOT]문충사 앞,대전광역시 동구 용운동 356-2,나,일반,일반주거지역,36.3243111,127.459865
[IOT]한희수 개성만두 앞,대전광역시 동구 용전동 11-7,나,도로,일반주거지역,36.3583144,127.4340543
[IOT]초대교회 앞,대전광역시 동구 용전동 8-7,나,일반,일반주거지역,36.3589956,127.4361768
[IOT]대전우체국 좌측편,대전광역시 동구 원동 36-1,다,도로,상업지역,36.3270364,127.4346484
[IOT]중앙시장공용주차장빌딩 옆,대전광역시 동구 원동 85-1,다,일반,상업지역,36.3274317,127.4327547
[IOT]홍주네식당 앞,대전광역시 동구 인동 112-5,나,도로,일반주거지역,36.3209842,127.4384547
[IOT]인동성결교회 앞,대전광역시 동구 인동 155-2,나,일반,일반주거지역,36.3211034,127.4392757
[IOT]나날요양원 앞,대전광역시 동구 중동 61-6,다,도로,상업지역,36.3311771,127.4307906
"[IOT]청춘다락 앞(구, 중앙동사무소 앞)",대전광역시 동구 중동 30-2,다,일반,상업지역,36.3317172,127.4291349
[IOT]온누리교회 우측,대전광역시 동구 판암동 245,나,도로,일반주거지역,36.3205605,127.4575654
[IOT]스위트빌 앞,대전광역시 동구 홍도동 72-33,나,도로,일반주거지역,36.3477743,127.4296148
[IOT]청룡아파트1동 앞,대전광역시 동구 홍도동 56-1,나,일반,일반주거지역,36.3468881,127.4278588
LG텔레콤,대전광역시 중구 중촌동 16-11,가,도로,종합병원지역,36.33687292,127.410357
[IOT]은혜요양병원 앞,대전광역시 중구 대사동 248-287,나,도로,일반주거지역,36.319321,127.4170995
[IOT]신일이용원 앞,대전광역시 중구 대사동 69-59,나,도로,일반주거지역,36.3182142,127.4292311
[IOT]국토정보공사 대전동부지사 정문 우측,대전광역시 중구 대사동 248-377,나,일반,일반주거지역,36.3199291,127.4170438
[IOT]반도빌라 건너편,대전광역시 중구 목동 10-33,가,일반,종합병원지역,36.3360191,127.4095208
[IOT]문화2동우체국 앞,대전광역시 중구 문화동 772,나,도로,일반주거지역,36.3078174,127.3994223
[IOT]대전서문교회 입구,대전광역시 중구 문화동 458-16,나,일반,일반주거지역,36.3113405,127.4021469
[IOT]보창한의원 건너편,대전광역시 중구 산성동 121-27,나,도로,일반주거지역,36.304366,127.3854948
[IOT]동양빌라3동 앞,대전광역시 중구 산성동 126-26,나,일반,일반주거지역,36.3030738,127.383954
[IOT]중촌 경희한의원 앞,대전광역시 중구 선화동 161-2,다,도로,상업지역,36.3354707,127.4168946
[IOT]CU편의점 앞,대전광역시 중구 선화동 144-2,다,일반,상업지역,36.3344172,127.4175229
[IOT]용인빌라 앞,대전광역시 중구 선화동 191-1,나,일반,일반주거지역,36.3319404,127.4171169
[IOT]새하늘교회 앞,대전광역시 중구 오류동 184-53,나,도로,일반주거지역,36.3271431,127.4034263
[IOT]보성빌딩 앞,대전광역시 중구 오류동 170-1,나,도로,일반주거지역,36.3221312,127.404684
[IOT]오류어린이공원 앞,대전광역시 중구 오류동 185-1,나,일반,일반주거지역,36.3267523,127.4038692
[IOT]삼성아파트 8동 건너편,대전광역시 중구 오류동 171-17,다,일반,상업지역,36.3221356,127.4057465
[IOT]충일교회 앞,대전광역시 중구 옥계동 42-10,나,도로,일반주거지역,36.3004391,127.4539927
[IOT]옥계동 솔빛아파트 101동 앞,대전광역시 중구 옥계동 45-3,나,일반,일반주거지역,36.2992082,127.454637
[IOT]더 할인마트 앞,대전광역시 중구 선화동 878,다,도로,상업지역,36.3235691,127.414445
[IOT]마라본공원 앞,대전광역시 중구 유천동 316-18,나,일반,일반주거지역,36.3204444,127.3943406
[IOT]대전 출입국사무소 앞,대전광역시 중구 중촌동 16-8,가,도로,종합병원지역,36.3366293,127.4109977
[IOT]하나로정육식당 건너편,대전광역시 중구 태평동 411-33,나,도로,일반주거지역,36.3268005,127.3923211
[IOT]삼부4단지아파트 410동 뒷편,대전광역시 중구 태평동 393,나,도로,일반주거지역,36.3222288,127.392018
[IOT]드림교회 앞,대전광역시 중구 태평동 371-30,나,일반,일반주거지역,36.327905,127.3929407
[IOT]예은축산 맞은편,대전광역시 중구 안영동 699-1,나,일반,일반주거지역,36.2856083,127.3804344
[IOT]김밥나라 문화2호점,대전광역시 중구 문화동 418-10,나,일반,일반주거지역,36.313594,127.4047589
상록스토아,대전광역시 서구 둔산2동 907,나,도로,일반주거지역,36.36213973,127.3912168
유진투자증권,대전광역시 서구 둔산동 1174,다,도로,상업지역,36.35106275,127.3812819
[IOT]새소망교회 좌측,대전광역시 서구 가수원동 784-3,나,도로,일반주거지역,36.2997398,127.352353
[IOT]가수원경로당 앞,대전광역시 서구 가수원동 788-4,나,일반,일반주거지역,36.3007522,127.3530783
[IOT]S-OIL 건너편,대전광역시 서구 가장동 36-15,나,도로,일반주거지역,36.3285437,127.384766
[IOT]성경빌딩 앞,대전광역시 서구 갈마동 268-20,나,도로,일반주거지역,36.3530158,127.3694922
[IOT]우정빌라 앞,대전광역시 서구 갈마동 366-6,나,도로,일반주거지역,36.3481677,127.368073
[IOT]성호빌라 뒷편,대전광역시 서구 갈마동 337-21,나,일반,일반주거지역,36.34908,127.3674462
[IOT]건양대학교 주차장 앞,대전광역시 서구 관저동 1643,가,일반,종합병원지역,36.306642,127.342613
[IOT]관저2동 우체국 앞,대전광역시 서구 관저동 1136,나,일반,일반주거지역,36.2990563,127.3287537
[IOT]우정유치원 건너편,대전광역시 서구 관저동 1146,나,도로,일반주거지역,36.2965935,127.3296198
[IOT]올리브영 앞,대전광역시 서구 관저동 1349,다,도로,상업지역,36.2987107,127.3401855
[IOT]어반힐스아파트 501동 앞,대전광역시 서구 관저동 1593,나,도로,일반주거지역,36.2948909,127.3427934
[IOT]해뜰마을 어린이도서관 옆,대전광역시 서구 관저동 1517,나,일반,준주거지역,36.2980742,127.3382808
[IOT]세븐일레븐 옆,대전광역시 서구 관저동 1564-1,나,도로,일반주거지역,36.2951308,127.3376748
[IOT]건양대학교 입구 옆,대전광역시 서구 관저동 1900,가,도로,종합병원지역,36.3032469,127.3411129
[IOT]서부농협 괴정지점 앞,대전광역시 서구 괴정동 86-1,나,도로,일반주거지역,36.3372121,127.3834123
[IOT]크린아이 맞은편,대전광역시 서구 괴정동 79-16,나,일반,일반주거지역,36.3376797,127.383207
[IOT]멕시칸 양념치킨 앞,대전광역시 서구 내동 23-37,나,도로,일반주거지역,36.3323986,127.3751019
[IOT]한빛교회 앞,대전광역시 서구 내동 136-5,나,일반,일반주거지역,36.3348866,127.3734847
[IOT]해성빌라 우측편,대전광역시 서구 도마동 61-9,나,도로,일반주거지역,36.3205116,127.3738069
[IOT]참동물병원 앞,대전광역시 서구 도마동 129-16,나,도로,일반주거지역,36.3157591,127.379119
[IOT]대림아파트 1동 앞,대전광역시 서구 도마동 62-1,나,일반,일반주거지역,36.3202231,127.3748249
[IOT]도마1동 행정복지센터 앞,대전광역시 서구 도마동 132-4,나,일반,일반주거지역,36.3158059,127.3808437
[IOT]초록마을 옆,대전광역시 서구 도안동 1247,나,도로,일반주거지역,36.3199772,127.3438002
[IOT]해영우 빌딩 앞,대전광역시 서구 도안동 1358,나,일반,일반주거지역,36.319687,127.3420738
[IOT]윗용소어린이공원,대전광역시 서구 도안동 1657,나,일반,일반주거지역,36.3080022,127.3495577
[IOT]샘머리아파트 222동 앞,대전광역시 서구 둔산동 908,나,도로,일반주거지역,36.3613831,127.393385
[IOT]샘머리2단지 204동 옆,대전광역시 서구 둔산동 908,나,도로,일반주거지역,36.3625274,127.3928022
[IOT]현대해상 앞,대전광역시 서구 둔산동 1298,다,도로,상업지역,36.3532942,127.3826014
[IOT]대대로 감자탕족발 건너편,대전광역시 서구 둔산동 923,다,도로,상업지역,36.3589924,127.388141
[IOT]대전청사자연마당 앞,대전광역시 서구 둔산동 930,다,도로,상업지역,36.3587459,127.3848849
[IOT]늘푸른약국 건너편,대전광역시 서구 둔산동 1339,다,일반,상업지역,36.3541176,127.3809727
[IOT]만년고교 뒷편,대전광역시 서구 만년동 9,가,도로,학교지역,36.3672757,127.3735349
[IOT]귀뚜라미보일러 앞,대전광역시 서구 변동 252-43,나,도로,일반주거지역,36.3292045,127.3699281
[IOT]궁전하이츠 옆,대전광역시 서구 변동 254-331,나,일반,일반주거지역,36.3303577,127.3698597
[IOT]한빛순복음교회 옆,대전광역시 서구 변동 5-32,나,일반,일반주거지역,36.3274418,127.385542
[IOT]센트럴자이 101동 앞,대전광역시 서구 복수동 1004,나,도로,일반주거지역,36.3067526,127.3729334
[IOT]한밭주택 옆,대전광역시 서구 복수동 283-245,나,일반,일반주거지역,36.3096344,127.3763893
[IOT]새싹어린이집 건너편,대전광역시 서구 용문동 282-1,나,도로,일반주거지역,36.3339935,127.3935785
[IOT]용문빌리지 옆,대전광역시 서구 용문동 282-29,나,일반,일반주거지역,36.333739,127.392989
[IOT]하나로아파트 110동 옆,대전광역시 서구 월평동 311,나,도로,일반주거지역,36.3620173,127.3669292
[IOT]월평2동우체국 앞,대전광역시 서구 월평동 218-4,나,도로,일반주거지역,36.363557,127.3736728
[IOT]부일지업사 앞,대전광역시 서구 월평동 338,나,도로,일반주거지역,36.3563398,127.3607838
[IOT]용문 오토바이 앞,대전광역시 서구 월평동 1020,나,일반,일반주거지역,36.3558909,127.3600318
[IOT]정림초교 건너편,대전광역시 서구 정림동 639,나,도로,일반주거지역,36.3034815,127.3645633
[IOT]뉴딜사업 현장지원센터 앞,대전광역시 서구 정림동 118-12,나,일반,일반주거지역,36.3025624,127.3676595
[IOT]아프리카동물메디컬센터 앞,대전광역시 서구 탄방동 605,나,도로,준주거지역,36.3454705,127.3817274
[IOT]아이수안경 앞,대전광역시 서구 탄방동 753,나,도로,준주거지역,36.3464117,127.3889658
[IOT]개나리아파트 106동 뒷편,대전광역시 서구 탄방동 612,나,일반,준주거지역,36.3453848,127.3822372
[IOT]두울샤브칼국수 앞,대전광역시 서구 탄방동 788,나,일반,준주거지역,36.3457982,127.3895488
[IOT]도안린풀하우스18단지 정문 앞,대전광역시 서구 도안동 1564,나,도로,일반주거지역,36.3107281,127.3493708
열매마을7단지 정문,대전광역시 유성구 은구비남로 55 앞,나,도로,일반주거지역,36.37342411,127.3209129
[IOT]케이벨 우측 도로변,대전광역시 유성구 관평동 1332,다,도로,준공업지역,36.4318978,127.389878
[IOT]대덕테크노밸리5단지 501동옆,대전광역시 유성구 관평동 669,나,도로,일반주거지역,36.4200613,127.3872888
[IOT]더클래식 빌딩 앞,대전광역시 유성구 용산동 612,나,도로,준주거지역,36.4220911,127.3970486
[IOT]교촌빌딩 건너편,대전광역시 유성구 교촌동 624-19,나,도로,일반주거지역,36.3036239,127.3174721
[IOT]진잠향교 옆,대전광역시 유성구 교촌동 630-4,나,일반,일반주거지역,36.3035814,127.31524
[IOT]농수산도매시장 제2문 우측편,대전광역시 유성구 노은동 566,다,도로,상업지역,36.3651199,127.3202617
[IOT]성산수도원 입구,대전광역시 유성구 반석동 80,가,일반,녹지지역,36.3941286,127.3153217
[IOT]엘케이팹티모 앞,대전광역시 유성구 복용동 251-5,다,일반,준공업지역,36.3373301,127.3221529
[IOT]복용삼거리 앞,대전광역시 유성구 복용동 175-4,다,도로,준공업지역,36.3407579,127.3201682
[IOT]족욕체험장 건너편,대전광역시 유성구 봉명동 549-1,다,도로,상업지역,36.3545584,127.3443206
[IOT]구암어린이공원,대전광역시 유성구 봉명동 557-5,나,일반,일반주거지역,36.3511082,127.3388702
[IOT]휴먼시아4단지아파트 401동 앞,대전광역시 유성구 상대동 465,나,도로,일반주거지역,36.345626,127.3374815
[IOT]어은어린이공원 앞,대전광역시 유성구 어은동 108-14,나,일반,일반주거지역,36.3626656,127.3553382
[IOT]화로연담 옆,대전광역시 유성구 원신흥동 568-8,나,일반,일반주거지역,36.3350018,127.3378301
[IOT]두유빈스 앞,대전광역시 유성구 원신흥동 540-2,나,도로,일반주거지역,36.3380648,127.3384252
[IOT]장대초등학교 옆,대전광역시 유성구 장대동 348,나,도로,일반주거지역,36.3617242,127.3395827
[IOT]유성온천교회 앞,대전광역시 유성구 장대동 274-27,다,도로,상업지역,36.3591978,127.3338812
[IOT]창원빌라 앞,대전광역시 유성구 장대동 366-1,나,일반,일반주거지역,36.3592052,127.3381053
[IOT]장대노인회관 앞,대전광역시 유성구 장대동 279-3,다,일반,상업지역,36.3590052,127.335522
[IOT]엑스포유치원 앞,대전광역시 유성구 전민동 467-3,가,도로,학교지역,36.3997344,127.4077359
[IOT]포도과수원 앞,대전광역시 유성구 전민동 644,가,일반,녹지지역,36.4083153,127.395732
[IOT]롯데엑스포2단지 206동 뒷편,대전광역시 유성구 전민동 464-4,나,일반,일반주거지역,36.399931,127.4106765
[IOT]이서빌 우측,대전광역시 유성구 지족동 1012-4,나,도로,일반주거지역,36.3867287,127.3030699
[IOT]열매마을대우3단지 307동 건너편,대전광역시 유성구 지족동 874,가,도로,녹지지역,36.378972,127.3196485
[IOT]백억프라자 좌측,대전광역시 유성구 지족동 1048-7,가,도로,녹지지역,36.3782468,127.30569
[IOT]투썸플레이스 앞,대전광역시 유성구 지족동 910-10,나,일반,준주거지역,36.3741938,127.3196823
[IOT]커피가주차장 좌측,대전광역시 유성구 탑립동 624-10,가,도로,녹지지역,36.4090351,127.3954911
[IOT]배재대학교 산학협력단 건너편,대전광역시 유성구 송강동 187-7,가,도로,녹지지역,36.4324202,127.3873556
동대전산정현교회,대전광역시 대덕구 법2동 196-2,가,도로,학교지역,36.36535367,127.4343252
[IOT]삼양패키징 앞,대전광역시 대덕구 문평동 78-3,라,도로,전용공업지역,36.4489866,127.404805
[IOT]옥봉화학 정문 옆,대전광역시 대덕구 문평동 51-4,라,일반,전용공업지역,36.4486467,127.401162
[IOT]P&C테크앞,대전광역시 대덕구 신일동 1688-32,라,도로,일반공업지역,36.4405532,127.4110454
[IOT]대창아파트 정문 우측,대전광역시 대덕구 상서동 141,라,도로,일반공업지역,36.4264029,127.4252842
[IOT]호수식당 맞은편,대전광역시 대덕구 평촌동 140,라,일반,일반공업지역,36.4367153,127.4342955
[IOT]삼진정밀 뒤편,대전광역시 대덕구 대화동 40-55,라,도로,전용공업지역,36.3672466,127.4066628
[IOT]대덕폐차사업소 맞은편,대전광역시 대덕구 대화동 227,라,도로,전용공업지역,36.3681832,127.4101794
[IOT]대일탕 앞,대전광역시 대덕구 대화동 35-57,나,일반,일반주거지역,36.3650037,127.4160681
[IOT]현대자동차대전대화대리점 앞,대전광역시 대덕구 대화동 16-236,나,도로,일반주거지역,36.3668478,127.4190519
[IOT]바우배기어린이공원 앞,대전광역시 대덕구 법동 280-1,나,일반,일반주거지역,36.3725249,127.4248594
[IOT]삼호아파트 2동 앞,대전광역시 대덕구 법동 280-2,나,도로,일반주거지역,36.3729836,127.4256083
[IOT]근로복지공단 대전병원 옆,대전광역시 대덕구 법동 286,가,일반,종합병원지역,36.3672503,127.4283205
"[IOT]소롱골 어린이공원(구, 애경화장품)",대전광역시 대덕구 법동 197-1,가,일반,학교지역,36.3670119,127.4325668
[IOT]대전 양지초등학교 옆,대전광역시 대덕구 법동 196-2,가,도로,학교지역,36.3653598,127.433692
[IOT]대양빌라 103동 맞은편,대전광역시 대덕구 비래동 144-42,나,일반,일반주거지역,36.355695,127.4522689
[IOT]하버드사진관 앞,대전광역시 대덕구 비래동 138-5,나,도로,일반주거지역,36.3561692,127.4505285
[IOT]디에이치인테리어 앞,대전광역시 대덕구 송촌동 548-13,나,도로,일반주거지역,36.3619772,127.4463147
[IOT]송촌서오아파트 105동 옆,대전광역시 대덕구 송촌동 555,나,일반,일반주거지역,36.3593948,127.4454806
[IOT]럭키스포츠프라자 앞,대전광역시 대덕구 중리동 362-1,나,도로,일반주거지역,36.3663083,127.4228347
[IOT]볼보대리점 앞,대전광역시 대덕구 중리동 230-8,나,도로,일반주거지역,36.3584231,127.4220506
[IOT]해오름빌 앞,대전광역시 대덕구 중리동 223-2,나,일반,일반주거지역,36.3574765,127.4221679
무룡초교 뒤,울산광역시 중구 약사동 800-49,가,도로,학교지역,35.56866117,129.3312693
ESTN당구클럽,울산광역시 남구 달동 1279-1,나,도로,준주거지역,35.53570109,129.3329644
우체국,울산광역시 남구 신정동 643-8,다,도로,상업지역,35.54063375,129.3117321
전하펌프장 건너편,울산광역시 동구 전하동 280-3,가,도로,종합병원지역,35.518954,129.4313264
패밀리아파트,울산광역시 동구 동부동 150-1,나,도로,일반주거지역,35.5428337,129.4303608
세종충남대병원,세종특별자치시 아름동 804,가,도로,종합병원지역,36.51889688,127.2561317
새뜸중학교,세종특별자치시 새롬동 산18,가,도로,학교지역,36.48759218,127.2525558
새샘마을5단지,세종특별자치시 소담동 587,나,도로,준주거지역,36.48006134,127.3063117
계룡아파트,세종특별자치시 조치원읍 교리 28-1,나,도로,준주거지역,36.60422393,127.2974815
신흥푸르지오,세종특별자치시 조치원읍 신흥리 398,나,도로,준주거지역,36.59309708,127.2894477
화서동,경기도 수원시 장안구 정자동 111 앞 보도,다,도로,상업지역,37.28700405,126.9924967
신나무실,경기도 수원시 영통구 영통동 965-2 앞 보도,나,도로,일반주거지역,37.25219965,127.0657725
한국은행앞,경기도 수원시 장안구 영화동 439 앞 보도,나,도로,준주거지역,37.28708484,127.0101397
호텔엠베서더,경기도 수원시 권선구 권선동 1015-6,다,도로,상업지역,37.25914495,127.0307171
강원향군회관,강원도 춘천시 효자동 757번지 앞 보도,나,도로,일반주거지역,37.87884683,127.740942
도로교통안전공단,강원도 춘천시 우두동 761-13 앞 보도,나,도로,준주거지역,37.90344855,127.7268838
강원대학교 후문,강원도 춘천시 효자동 633-2,가,도로,종합병원지역,37.8724,127.7461
대륙마트,강원도 원주시 개운동 447-7 앞 보도,가,도로,종합병원지역,37.33049788,127.9502036
제일주유소,강원도 원주시 무실동 1642-7 앞 보도,나,도로,일반주거지역,37.33499726,127.9292165
단구동,강원도 원주시 명륜동 822-1,나,도로,일반주거지역,37.32909921,127.9452324
청주 흰돌감리교회 앞,충청북도 청주시 서원구 개신동 41-34 건너편 보도,가,도로,종합병원지역,36.62847761,127.4623134
청주기계공고뒷편,충청북도 청주시 상당구 영동 79옆 화단,가,도로,학교지역,36.64005968,127.4844437
LG주유소 건너편,충청북도 청주시 서원구 산남동 332-8 도로,나,도로,일반주거지역,36.61657873,127.4701798
운천·신봉동사무소 앞,충청북도 청주시 흥덕구 운천동 967앞 보도,나,도로,준주거지역,36.64402351,127.4757127
브이테크놀로지코리아 뒤편,충청남도 천안시 서북구 백석동 718,라,도로,일반공업지역,36.82810661,127.1131118
천안두정행복주택1단지 앞,충청남도 천안시 서북구 두정동 71-10,나,도로,일반주거지역,36.83215867,127.145766
파리바게뜨 우측편,충청남도 천안시 서북구 불당동 1825,나,도로,준주거지역,36.8070232,127.1054297
단국대학교부속병원 앞,충청남도 천안시 동남구 안서동 522,가,도로,종합병원지역,36.84125004,127.1745781
천안제일고등학교 앞,충청남도 천안시 동남구 원성동 260,가,도로,학교지역,36.80631588,127.1550104
가장맛있는족발 뒷편,충청남도 천안시 동남구 청당동 597,나,도로,일반주거지역,36.78510555,127.1583209
효자파출소,전라북도 전주시 완산구 효자동1가 294-5 앞 보도,나,도로,일반주거지역,35.80636766,127.119645
전주요단교회 앞,전라북도 전주시 덕진구 우아동2가 904-7,나,도로,일반주거지역,35.86889287,127.1166823
영월드당구장(허병원 앞),전라북도 전주시 덕진구 금암동 1546-9,가,도로,종합병원지역,35.8433587,127.1386514
여수제일병원 측면,전라남도 여수시 학동 40-4,가,도로,종합병원지역,34.76593204,127.6645482
웅천초등학교 건너편,전라남도 여수시 웅천동 1674,가,도로,학교지역,34.74982512,127.6745678
불로만숯불바베큐 앞,전라남도 여수시 여서동  479,나,도로,일반주거지역,34.74961027,127.7021014
새마을금고 앞,전라남도 여수시 국동 414,나,도로,준주거지역,34.73043121,127.7173578
순천성가롤로병원 앞,전라남도 순천시 조례동 1742,가,도로,종합병원지역,34.96470795,127.5431363
순천승평중학교 앞,전라남도 순천시 신대리 1967,가,도로,학교지역,34.93803172,127.5455277
로이젠 앞,전라남도 순천시 조례동 489-4,나,도로,일반주거지역,34.95502071,127.5223329
volvik 건너편,전라남도 순천시 연향동 1358,나,도로,준주거지역,34.94759975,127.5151799
포항성모병원,경상북도 포항시 남구 대잠동 985도,가,도로,종합병원지역,36.01645243,129.341039
포항제철중학교,경상북도 포항시 남구 지곡동 925-3도,가,도로,학교지역,36.02043477,129.3252032
가온누리빌딩 앞,경상북도 포항시 남구 오천읍 원리 950도,나,도로,일반주거지역,35.97068125,129.4041585
한우랑 앞,경상북도 포항시 북구 양덕동 656-1도,나,도로,준주거지역,36.08998229,129.3886461
KB국민은행 앞,경상북도 포항시 북구 죽도동 691도,다,도로,상업지역,36.01910657,129.3550061
반송중학교,경상남도 창원시 성산구 반림동 19,가,도로,학교지역,35.23591012,128.6742353
삼화페인트,경상남도 창원시 의창구 명서동 144-8,가,도로,전용주거지역,35.2483353,128.6483574
창원병원 정문,경상남도 창원시 성산구 중앙동 104-1,가,도로,종합병원지역,35.21818913,128.6699653
동여중입구,제주특별자치도 제주시 이도이동 339,가,도로,학교지역,33.50245094,126.5396047
농협도지부,제주특별자치도 제주시 삼도일동 788-17,나,도로,일반주거지역,33.50663774,126.5198636
행남자기 제주총판,제주특별자치도 제주시 건입동 674-32,나,도로,준주거지역,33.5151136,126.5386391
[IOT]동춘빌딩 앞,부산광역시 서구 동대신동 1가 230-2,가,일반,녹지지역,35.107729,129.021111
[IOT]용인대정도태권도 앞,부산광역시 서구 동대신동 1가 230-2,가,일반,녹지지역,35.108845,129.020098
[IOT]맛나칼국수 앞,부산광역시 서구 부민동 2가 18,가,일반,녹지지역,35.10264,129.019781
[IOT]서원탑훼미리마트 앞,부산광역시 서구 부민동 2가 18,가,일반,녹지지역,35.102105,129.018692
[IOT]그린컴퓨터 앞,부산광역시 부산진구 부전동 573-1,가,일반,녹지지역,35.154238,129.059287
[IOT]한국전력공사 앞,부산광역시 부산진구 부전동 573-1,가,일반,녹지지역,35.153406,129.059938
[IOT]은성 인테리어 건너편,부산광역시 부산진구 연지동 73-1,가,일반,녹지지역,35.172951,129.054838
[IOT]초원 과메기 앞,부산광역시 부산진구 연지동 74-1,가,일반,녹지지역,35.171917,129.055593
[IOT]새동래 3차 5동 앞,부산광역시 동래구 수안동 42,가,일반,녹지지역,35.195969,129.085736
[IOT]수안동신맨션 앞,부산광역시 동래구 수안동 42,가,일반,녹지지역,35.197117,129.086036
[IOT]삼겹한마당 앞,부산광역시 남구 대연동 1014,가,일반,녹지지역,35.130265,129.095675
[IOT]해정아구찜 건너편,부산광역시 남구 대연동 1015-3,가,일반,녹지지역,35.129429,129.098432
[IOT]삼월할인마트 앞,부산광역시 남구 용호동 565,가,일반,녹지지역,35.123737,129.115198
[IOT]용호행복주택 아파트 앞,부산광역시 남구 용호동 87-10,가,일반,녹지지역,35.124527,129.115074
[IOT]푸라닭치킨 앞,부산광역시 사하구 괴정동 1083,가,일반,녹지지역,35.100874,128.983419
[IOT]교촌치킨 앞,부산광역시 사하구 괴정동 661-1,가,일반,녹지지역,35.099911,128.983355
[IOT]대신화학 앞,부산광역시 사하구 신평동 370-24,가,일반,녹지지역,35.085583,128.966652
[IOT]브이에프테크 앞,부산광역시 사하구 신평동 583,가,일반,녹지지역,35.087783,128.967475
[IOT]카페토드 앞,부산광역시 사하구 신평동 583,가,일반,녹지지역,35.089796,128.976276
[IOT]덕성직물 앞,부산광역시 사하구 신평동 664,가,일반,녹지지역,35.094044,128.958476
[IOT]삼성인더스트리 앞,부산광역시 사하구 신평동 664,가,일반,녹지지역,35.094699,128.958712
[IOT]동매힐스 앞,부산광역시 사하구 신평동 583,가,일반,녹지지역,35.090231,128.974407
[IOT]제이케이 앞,부산광역시 금정구 금사동 154,가,일반,녹지지역,35.215926,129.112751
[IOT]해남운수 앞,부산광역시 금정구 금사동 154-1,가,일반,녹지지역,35.215474,129.113855
[IOT]남산역 1번 출구 앞,부산광역시 금정구 남산동 136-1,가,일반,녹지지역,35.264471,129.0921
[IOT]경희빌리지 앞(휴림아르페),부산광역시 금정구 남산동 136-3,가,일반,녹지지역,35.263915,129.09118
[IOT]용진 마이스터 앞,부산광역시 금정구 장전동 612-7,가,일반,녹지지역,35.224053,129.083921
[IOT]SJ타워 앞,부산광역시 금정구 장전동 652-92,가,일반,녹지지역,35.224109,129.085389
[IOT]아이에스동서 113동 건너편,부산광역시 강서구 명지동 3362,가,일반,녹지지역,35.098669,128.923223
[IOT]현대자동차 앞,부산광역시 강서구 명지동 3394,가,일반,녹지지역,35.098317,128.92397
[IOT]원레이져 앞,부산광역시 강서구 송정동 1645,가,일반,녹지지역,35.094351,128.860373
[IOT]세광식품 앞,부산광역시 강서구 송정동 1647,가,일반,녹지지역,35.093568,128.861408
[IOT]선진제경(삼보오피스텔 앞),부산광역시 연제구 연산동 1515-6,가,일반,녹지지역,35.190008,129.085442
[IOT]연서초등학교 앞,부산광역시 연제구 연산동 1515-6,가,일반,녹지지역,35.190052,129.086556
[IOT]본헤어 앞,부산광역시 연제구 연산동 1612,가,일반,녹지지역,35.175206,129.083359
[IOT]옛동산빌 앞,부산광역시 연제구 연산동 1612-7,가,일반,녹지지역,35.176404,129.083241
[IOT]단이식당 앞,부산광역시 연제구 연산동 311,가,일반,녹지지역,35.188733,129.0949
[IOT]연제타워 앞,부산광역시 연제구 연산동 353-2,가,일반,녹지지역,35.189283,129.094976
[IOT]광안럭스빌 앞,부산광역시 수영구 광안동 205,가,일반,녹지지역,35.163346,129.118606
[IOT]흑석하이츠 (무무돈까스 앞),부산광역시 수영구 광안동 205,가,일반,녹지지역,35.158833,129.11427
[IOT]금우자동차,부산광역시 수영구 광안동 205,가,일반,녹지지역,35.163665,129.11915
[IOT]송월타월 앞,부산광역시 수영구 광안동 205,가,일반,녹지지역,35.1568,129.1145
[IOT]골드펌프 앞,부산광역시 사상구 감전동 174,가,일반,녹지지역,35.147101,128.971245
[IOT]타이어테크 감전점(창현공조 앞),부산광역시 사상구 감전동 174,가,일반,녹지지역,35.145124,128.969756
[IOT]동진석유㈜ 앞,부산광역시 사상구 덕포동 430,가,일반,녹지지역,35.180609,128.986438
[IOT]SMDV 고객전용주차장 앞,부산광역시 사상구 삼락동 420,가,일반,녹지지역,35.194196,128.985457
[IOT]SMDV 앞,부산광역시 사상구 삼락동 420,가,일반,녹지지역,35.194679,128.985315
[IOT]새신신고 앞,부산광역시 사상구 모라동 723-11,가,일반,녹지지역,35.181083,128.986795
[IOT]한신 M-tech 앞,부산광역시 기장군 정관읍 달산리 1042,가,일반,녹지지역,35.313977,129.176828
[IOT]한솔그린 앞,부산광역시 기장군 정관읍 달산리 1044,가,일반,녹지지역,35.31404,129.178024
[IOT]현교솔루션 건너편,인천광역시 중구 해안동3가 2-17,다,도로,상업지역,37.471482,126.621789
[IOT]국민은행 앞,인천광역시 중구 해안동3가 4,다,일반,상업지역,37.471345,126.622772
[IOT]건디자인 앞,인천광역시 미추홀구 숭의동 403-84,다,도로,상업지역,,
[IOT]새빛타운 101동 앞,인천광역시 미추홀구 숭의동 162-14,다,일반,상업지역,,
[IOT]용현대림아파트 9동 앞,인천광역시 미추홀구 용현동 627-74,나,일반,준주거지역,,
[IOT]서광맨션 측면,인천광역시 미추홀구 용현동 621-51,나,일반,준주거지역,,
[IOT]인하대정문 건너편,인천광역시 미추홀구 학익동 395-2,다,일반,준공업지역,,
[IOT]E1-LPG인천충전소 앞,인천광역시 미추홀구 학익동 401-8,다,일반,준공업지역,,
[IOT]알엠병원 앞,인천광역시 미추홀구 학익동 4-11,나,일반,일반주거지역,,
[IOT]삼익플라주아파트 측면,인천광역시 미추홀구 학익동 5-9,나,일반,일반주거지역,,
[IOT]옥련현대4차아파트 401동 앞,인천광역시 연수구 옥련동  637-4,나,일반,일반주거지역,37.426073,126.650589
[IOT]아주아파트 102동 앞,인천광역시 연수구 옥련동  640-6,나,일반,일반주거지역,37.426605,126.652232
[IOT]청학동 공용주차장,인천광역시 연수구 청학동 585,나,일반,일반주거지역,37.427469,126.663355
[IOT]청학동천주교회 앞,인천광역시 연수구 청학동 624,나,일반,일반주거지역,37.425161,126.665353
[IOT]성환빌딩 앞,인천광역시 남동구 간석동 40-1,다,일반,상업지역,37.464357,126.713259
[IOT]웨스트레뷰 앞,인천광역시 남동구 간석동 126,다,일반,상업지역,37.464524,126.712367
[IOT]토요타 앞,인천광역시 남동구 구월동 1328,나,일반,일반주거지역,37.449509,126.70932
[IOT]팬더아파트 4동 앞,인천광역시 남동구 구월동 1332,나,일반,일반주거지역,,
[IOT]한누리학교 건너편,인천광역시 남동구 논현동 709,가,일반,종합병원지역,37.402075,126.715937
[IOT]힘찬종합병원 장례식장 옆,인천광역시 남동구 논현동 710-2,가,일반,종합병원지역,37.400911,126.713323
[IOT]동부교육청 건너편,인천광역시 남동구 만수동 1006,나,일반,일반주거지역,37.447889,126.739416
[IOT]이안애3동 앞,인천광역시 남동구 만수동 1109-2,나,일반,일반주거지역,37.447684,126.73727
[IOT]석원아파트 건너편,인천광역시 남동구 만수동 998-4,나,일반,일반주거지역,37.452328,126.732747
[IOT]LG아트빌 앞,인천광역시 남동구 만수동 998-2,나,일반,일반주거지역,37.452046,126.732127
[IOT]부평 사회적경제마을센터 건너편,인천광역시 부평구 부개동 191-112,나,일반,일반주거지역,37.49143,126.740452
[IOT]오벨리스크 앞,인천광역시 부평구 부개동 197-4,나,일반,일반주거지역,37.490333,126.739603
[IOT]풍창 자동차 정비공업사 앞,인천광역시 부평구 부평동 686,나,일반,준주거지역,37.487467,126.728121
[IOT]리아체 앞,인천광역시 부평구 부평동 687,나,일반,준주거지역,37.48801,126.728303
[IOT]삼성공작기계 앞,인천광역시 부평구 십정동 557-28,라,일반,일반공업지역,37.473731,126.68939
[IOT]신한에이엠 건너편,인천광역시 부평구 청천동 112,라,일반,일반공업지역,37.516636,126.717672
[IOT]㈜아크로만 앞,인천광역시 부평구 청천동 410,라,일반,일반공업지역,37.518381,126.715344
[IOT]도도해 앞,인천광역시 부평구 청천동 112-1,라,일반,일반공업지역,37.507815,126.717718
[IOT]주영탑스빌 A동 앞,인천광역시 부평구 청천동 166,라,일반,일반공업지역,37.506675,126.718696
[IOT]은혜와진리교회 앞,인천광역시 부평구 청천동 451,라,일반,일반공업지역,37.522728,126.719453
[IOT]티엠티 앞,인천광역시 부평구 청천동 393,라,일반,일반공업지역,37.521684,126.709074
[IOT]강인여객 건너편,인천광역시 부평구 십정동 551-3,라,일반,일반공업지역,37.474202,126.690071
[IOT]인천어린이과학관 건너편,인천광역시 계양구 방축동 215,가,일반,녹지지역,37.55108,126.740484
[IOT]인천세원고등학교 건너편,인천광역시 계양구 병방동 315-1,가,일반,녹지지역,37.552353,126.743839
[IOT]e편한세상계양 102동 앞,인천광역시 계양구 효성동 240,나,일반,일반주거지역,37.528018,126.713327
[IOT]신진아파트 2동 측면,인천광역시 계양구 효성동 239,나,일반,일반주거지역,37.527409,126.713752
[IOT]봉오재공원 앞,인천광역시 서구 가정동 624,가,도로,전용주거지역,37.532801,126.669618
[IOT]가정동 599-15,인천광역시 서구 가정동 599-15,가,일반,전용주거지역,37.534105,126.670519
[IOT]가좌초등학교 앞,인천광역시 서구 가좌동 245-1,가,일반,학교지역,37.489846,126.684639
[IOT]비오알 코스메틱 측면,인천광역시 서구 가좌동 580,다,일반,준공업지역,37.488536,126.671101
[IOT]나노웨이브테크놀로지 앞,인천광역시 서구 가좌동 580,다,일반,준공업지역,37.489011,126.670878
[IOT]우선쇼핑 앞,인천광역시 서구 마전동 1908,나,일반,일반주거지역,37.596791,126.668431
[IOT]남두캐슬 앞,인천광역시 서구 마전동 1106,나,일반,일반주거지역,37.596267,126.667634
[IOT]인천서부경찰서 건너편,인천광역시 서구 심곡동 311,나,일반,일반주거지역,37.543608,126.678611
[IOT]심곡어린이집 앞,인천광역시 서구 심곡동 317,나,일반,일반주거지역,37.543029,126.679018
[IOT]헤어락 앞,인천광역시 서구 가좌동 30-74,가,일반,녹지지역,37.490095,126.683248
[IOT]코인워시365 앞,대전광역시 동구 가양동 295-8,나,일반,일반주거지역,36.34255596,127.4431003
[IOT]대전동산고등학교 건너편,"중구	문화동	284-21	",가,도로,학교지역,36.31455591,127.4053823
[IOT]푸른들어린이집 건너편,울산광역시 중구 복산동 232-12,가,도로,전용주거지역,35.567146,129.326065
[IOT]울산 자동차 유리 앞,울산광역시 중구 남외동 967-16,나,도로,일반주거지역,35.569995,129.347763
[IOT]선화기업 앞,울산광역시 중구 남외동 549-10,나,일반,일반주거지역,35.570499,129.348236
[IOT]3호소공원,울산광역시 중구 복산동 232-6,가,일반,전용주거지역,35.566829,129.32637
[IOT]동강병원 응급의료센터 건너편,울산광역시 중구 태화동 122-2,가,도로,종합병원지역,35.552947,129.302352
[IOT]남운파크맨션 앞,울산광역시 중구 태화동 170-41,가,일반,종합병원지역,35.554458,129.303497
[IOT]새마음정신문화센터 앞,울산광역시 남구 달동 1311-11,나,도로,준주거지역,35.534282,129.340744
[IOT]일원푸오레 앞,울산광역시 남구 달동 1309-9,나,일반,준주거지역,35.534549,129.339431
[IOT]강가네손만두 앞,울산광역시 남구 달동 886-2,다,도로,상업지역,35.534973,129.314224
[IOT]대앞나가구 앞,울산광역시 남구 무거동 1459-5,나,도로,일반주거지역,35.546982,129.266296
[IOT]치치 앞,울산광역시 남구 무거동 1456-1,나,일반,일반주거지역,35.549308,129.266693
[IOT]㈜카프로 맞은편,울산광역시 남구 부곡동 351-2,라,일반,일반공업지역,35.501529,129.32788
[IOT]손호성헤어아르떼 앞,울산광역시 남구 삼산동 1542-17,나,도로,준주거지역,35.543895,129.342865
[IOT]상아갤러리 앞,울산광역시 남구 삼산동 1544-15,나,일반,준주거지역,35.543895,129.342895
[IOT]경동택배 앞,울산광역시 남구 상개동 316-1,라,도로,일반공업지역,35.504066,129.31668
[IOT]마노 앞,울산광역시 남구 신정동 1125-53,가,도로,학교지역,35.532714,129.304153
[IOT]대공원명품세탁소 앞,울산광역시 남구 신정동 1656-1,가,일반,학교지역,35.530269,129.302047
[IOT]GS25시(신정중앙점) 앞,울산광역시 남구 신정동 581-6,다,일반,상업지역,35.540718,129.312576
[IOT]반도호이스트 크레인 앞,울산광역시 남구 여천동 1408,라,도로,일반공업지역,35.517604,129.342041
[IOT]신대동전기 앞,울산광역시 남구 여천동 757-1,라,일반,일반공업지역,35.517082,129.346755
[IOT]서진화학 옆,울산광역시 남구 용연동 491-1,라,도로,일반공업지역,35.474189,129.360229
[IOT]아성정밀화학 앞,울산광역시 남구 용연동 489-2,라,일반,일반공업지역,35.476768,129.3609
[IOT]명가식당앞,울산광역시 동구 동부동 194-41,나,일반,일반주거지역,35.541286,129.428955
[IOT]윤언니 토탈 뷰티샵 앞,울산광역시 동구 서부동 315-34,나,도로,일반주거지역,35.53934,129.426223
[IOT]동울산 동물병원 건너편,울산광역시 동구 전하동 464-5,라,도로,일반공업지역,35.507652,129.43013
[IOT]천하슈퍼 앞,울산광역시 동구 전하동 692-27,라,일반,일반공업지역,35.505294,129.42897
[IOT]대명엘리베이터 앞,울산광역시 북구 효문동 813-8,다,도로,준공업지역,35.567153,129.367462
[IOT]매곡현대아파트 2단지 203동 앞,울산광역시 북구 매곡동 853,나,도로,일반주거지역,35.64323,129.353363
[IOT]이디야커피 앞,울산광역시 북구 양정동  624-1,다,도로,상업지역,35.540557,129.386123
[IOT]와와족발 앞,울산광역시 북구 양정동  620-10,다,일반,상업지역,35.541336,129.386337
[IOT]동남피엔지 건너편,울산광역시 북구 연암동 643,다,도로,준공업지역,35.577091,129.368682
[IOT]현대글로비스 옆 길,울산광역시 북구 연암동 1427,다,일반,준공업지역,35.576286,129.369079
[IOT]㈜신일 앞,울산광역시 북구 효문동 813-12,다,일반,준공업지역,35.566837,129.3656
[IOT]고려정밀공업 앞,울산광역시 울주군 온산읍 처용리 649,라,도로,일반공업지역,35.471054,129.33348
[IOT]에코비즈 앞,울산광역시 울주군 청량읍 용암리 968,라,일반,일반공업지역,35.473834,129.327255
[IOT]곡반정동 제1공용주차장 앞,경기도 수원시 권선구 곡반정동 505-4도,나,일반,일반주거지역,37.242995,127.032515
[IOT]수원아이파크시티 2단지 212동 건너편,경기도 수원시 권선구 곡반정동 560도,나,도로,일반주거지역,37.244563,127.031434
[IOT]차서한의원 건너편,경기도 수원시 권선구 금곡동 759-4도,나,일반,일반주거지역,37.269145,126.938171
[IOT]와이시트 609동 건너편,경기도 수원시 권선구 금곡동 1155도,나,도로,일반주거지역,37.269828,126.938514
[IOT]차가배 앞,경기도 수원시 권선구 호매실동 833-1도,가,일반,전용주거지역,37.263177,126.941479
[IOT]칠보산 하나로축산 건너편,수원시 권선구 호매실동 1313-60도,가,도로,전용주거지역,37.26334,126.94255
[IOT]수원금호초등학교 앞,경기도 수원시 권선구 호매실동 1429-5도,가,일반,학교지역,37.265408,126.953992
[IOT]수원은혜교회 건너편,경기도 수원시 권선구 호매실동 1429도,가,도로,학교지역,37.265751,126.953969
[IOT]삼성미래기술캠퍼스 건너편,경기도 수원시 영통구 매탄동 416-32도,라,도로,일반공업지역,37.252944,127.052753
[IOT]협신빌라 건너편,경기도 수원시 영통구 매탄동 917도,나,일반,일반주거지역,37.264957,127.047654
[IOT]광명수산 건너편,경기도 수원시 영통구 매탄동 916도,나,도로,일반주거지역,37.263939,127.046627
[IOT]어울림에프 앞,경기도 수원시 영통구 영통동 1057-2도,라,도로,일반공업지역,37.255047,127.063823
[IOT]물빛어린이공원,경기도 수원시 영통구 신동 970도,라,일반,일반공업지역,37.246308,127.041849
[IOT]유닥터 앞,경기도 수원시 영통구 신동 398-34도,라,일반,일반공업지역,37.248241,127.053087
[IOT]스미어 앞,경기도 수원시 영통구 신동 950도,나,도로,일반주거지역,37.246433,127.044081
[IOT]수원종합폐차장 옆,경기도 수원시 영통구 원천동 403-1도,라,일반,일반공업지역,37.25784,127.063905
[IOT]신미주APT정문 앞,경기도 수원시 장안구 연무동 1-3도,가,도로,녹지지역,37.299995,127.030397
[IOT]해맑음빌리지 측면,경기도 수원시 장안구 영화동 382-4도,나,일반,준주거지역,37.287222,127.007386
[IOT]화서신협 화서문 지점 앞,경기도 수원시 장안구 영화동 368-4도,나,도로,준주거지역,37.286069,127.00698
[IOT]조원대간타워 앞,경기도 수원시 장안구 조원동 842-1도,나,도로,일반주거지역,37.305134,127.012611
[IOT]광교보리밥,경기도 수원시 장안구 하광교동 69-1도,가,일반,녹지지역,37.316415,127.018863
[IOT]한국관 앞,경기도 수원시 팔달구 인계동 1148도,다,일반,상업지역,37.258367,127.033018
[IOT]건강보험공단 앞,경기도 수원시 팔달구 인계동 1149도,다,도로,상업지역,37.257718,127.032702
[IOT]가톨릭대 성빈센터병원 건너편,경기도 수원시 팔달구 인계동 207-4도,가,도로,종합병원지역,37.277938,127.028753
[IOT]원일베내스트 앞,경기도 수원시 팔달구 인계동 1139도,다,일반,상업지역,37.264376,127.035433
[IOT]하나은행 수원금융센터 건너편,경기도 수원시 팔달구 인계동 1138도,다,도로,상업지역,37.262719,127.03205
[IOT]지동성당 뒷편,경기도 수원시 팔달구 지동 28-5도,가,일반,종합병원지역,37.279299,127.028877
[IOT]숙지고등학교 정문 앞,경기도 수원시 팔달구 화서동 670도,가,일반,학교지역,37.282888,126.994024
[IOT]서부주유소앞,경기도 수원시 팔달구 화서동 663도,가,도로,학교지역,37.287033,126.993053
[IOT]한일주택 나동 앞,경기도 수원시 장안구 조원동 786도,나,일반,일반주거지역,37.30353,127.013344
[IOT]춘천퇴계유통 뒷편,강원도 춘천시 동내면 거두리 758-4,가,일반,녹지지역,,
[IOT]여의도순복음춘천교회 건너편,강원도 춘천시 석사동 123-1,가,도로,녹지지역,,
[IOT]강원서부해바라기센터,강원도 춘천시 효자동 630,가,일반,종합병원지역,,
[IOT]CU 강대에이스점,강원도 춘천시 효자동 619-9,가,도로,종합병원지역,,
[IOT]SKT 춘천중심국 측면,강원도 춘천시 온의동 542-1,가,일반,학교지역,,
[IOT]남춘천여자중학교 건너편,강원도 춘천시 온의동 549-9,가,도로,학교지역,,
[IOT]제원메디칼 측면,강원도 춘천시 후평동 676,나,일반,일반주거지역,,
[IOT]동양하우징,강원도 춘천시 교동 164-10,나,도로,일반주거지역,,
[IOT]장애인종합복지관 앞,강원도 춘천시 사농동 105-5,나,일반,준주거지역,,
[IOT]대한모터스 앞,강원도 춘천시 우두동 646-12,나,도로,준주거지역,,
[IOT]춘천하이테크타워,강원도 춘천시 후평동 558-1,라,일반,일반공업지역,,
[IOT]조은담배 앞,강원도 춘천시 후평동 243-3,라,도로,일반공업지역,,
[IOT]소양동행정복지센터 뒷편,강원도 춘천시 소양로3가 50-3,다,일반,상업지역,,
[IOT]테라스리빙3차,강원도 춘천시 요선동  9-3,다,도로,상업지역,,
[IOT]잇츠커피 측면,강원도 춘천시 동내면 거두리 1022-5,가,일반,전용주거지역,,
[IOT]푸주옥거두점 맞은편,강원도 춘천시 동내면 거두리 1030,가,도로,전용주거지역,,
[IOT]남부새싹공원,강원도 춘천시 퇴계동 911,나,일반,일반주거지역,,
[IOT]퇴계동 지역아동센터 맞은편,강원도 춘천시 퇴계동 901-9,나,도로,일반주거지역,,
[IOT]우리동네 전포차 앞,강원도 춘천시 석사동 698-1,나,일반,일반주거지역,,
[IOT]남한카센터 앞,강원도 춘천시 석사동 413-1,나,도로,일반주거지역,,
[IOT]지성공원,강원도 춘천시 효자동 174-81,나,일반,일반주거지역,,
[IOT]강원지방병무청 앞,강원도 춘천시 효자동 349-2,나,도로,일반주거지역,,
[IOT]스마일원룸,강원도 춘천시 효자동 168-222,나,일반,일반주거지역,,
[IOT]마천종합공구 앞,강원도 춘천시 효자동 666-1,나,도로,일반주거지역,,
[IOT]현대주류 앞,강원도 춘천시 만천리  569,나,일반,일반주거지역,,
[IOT]계백수제갈비 앞,강원도 춘천시 만천리 638-34,나,도로,일반주거지역,,
[IOT]춘천후평우미린 103동,강원도 춘천시 후평동 803-17,나,일반,일반주거지역,,
[IOT]후평주공5단지 419동 앞,강원도 춘천시 후평동 808-1,나,도로,일반주거지역,,
[IOT]동아아파트 104동 건너편,강원도 춘천시 후평동  891-13,나,일반,일반주거지역,,
[IOT]석사청구아파트 102동 옆,강원도 춘천시 석사동 727-6,나,도로,일반주거지역,,
[IOT]봄내족발 맞은편,강원도 춘천시 근화동 291-1,나,일반,일반주거지역,,
[IOT]춘천롯데캐슬 107동 앞,강원도 춘천시 근화동 714-5,나,도로,일반주거지역,,
[IOT]큰집장대박 맞은편,강원도 춘천시 후평동 747-3,나,일반,일반주거지역,,
[IOT]금강건재 앞,강원도 춘천시 후평동 734-2,나,도로,일반주거지역,,
[IOT]팔도해장국,강원도 춘천시 온의동 514-3,나,일반,준주거지역,,
[IOT]춘천축협 강남점,강원도 춘천시 온의동 515-4,나,도로,준주거지역,,
[IOT]봄내병원 뒷편,강원도 춘천시 운교동 180,다,일반,상업지역,,
[IOT]스카이타워,강원도 춘천시 운교동 146-1,다,도로,상업지역,,
[IOT]㈜보성 앞,강원도 춘천시 후평동 198-13,다,일반,준공업지역,,
[IOT]중앙자원 앞,강원도 춘천시 후평동 198-68,다,도로,준공업지역,,
[인천IOT]영종 수자인아파트 789동 앞,인천광역시 중구 중산동 1978,가,도로,녹지지역,37.49244248,126.5539609
[인천IOT]영종 수자인아파트 781동 앞,인천광역시 중구 중산동 1976,가,일반,녹지지역,37.49002334,126.5529235
[인천IOT]부국타이어 인근,인천광역시 중구 신흥동3가 65-13,가,도로,녹지지역,37.43493272,126.6240093
[인천IOT]화도진새마을금고 인근,인천광역시 동구 송현동 78-2,가,도로,녹지지역,37.47859172,126.6353961
[인천IOT]미래빌라 10동 11동 사이,인천광역시 동구 송림동 262,가,일반,녹지지역,37.48202208,126.6489441
[인천IOT]행복의 집 나동 건너편,인천광역시 동구 송림동 8-25,가,도로,녹지지역,37.48247162,126.6524808
[인천IOT]충남에스티 앞,인천광역시 동구 만석동 1-64,가,일반,녹지지역,37.4873671,126.6188059
[인천IOT]두산인프라코어 인근,인천광역시 동구 만석동 18-11,가,도로,녹지지역,37.487393,126.623313
[인천IOT]왕은향 헤어클리닉 앞,인천광역시 미추홀구 숭의동 162-14,가,도로,녹지지역,37.45888127,126.6486988
[인천IOT]김영애국물떡볶이 맞은편,인천광역시 미추홀구 숭의동 306,가,일반,녹지지역,37.4588401,126.6476447
[인천IOT]도화동공장 앞,인천광역시 미추홀구 도화동 981-1,가,도로,녹지지역,37.47971724,126.6576164
[인천IOT]동삼택시 앞,인천광역시 미추홀구 도화동 981-1,가,일반,녹지지역,37.47944465,126.6542312
[인천IOT]한국기계 앞,인천광역시 미추홀구 숭의동 162-14,가,도로,녹지지역,37.46038531,126.6402851
[인천IOT]전산정보시스템 인근,인천광역시 미추홀구 주안동 1541,가,도로,녹지지역,37.45572334,126.689629
[인천IOT]베스트이비인후과 앞,인천광역시 연수구 송도동 334,가,일반,녹지지역,37.41489033,126.6229344
[인천IOT]e편한세상 송도 101동 앞,인천광역시 연수구 송도동 334,가,도로,녹지지역,37.41381023,126.6176342
[인천IOT]인천시립박물관 후문,인천광역시 연수구 목련동 593,가,일반,녹지지역,37.4212253,126.6523997
[인천IOT]성균관추어탕 앞,인천광역시 연수구 동춘동 841,가,도로,녹지지역,37.41658509,126.6563022
[인천IOT]삼성럭키아파트 정문,인천광역시 연수구 동춘동 955,가,일반,녹지지역,37.406582,126.67694
[인천IOT]대우삼환아파트 119동,인천광역시 연수구 동춘동 957,가,도로,녹지지역,37.40455113,126.6777974
[인천IOT]서해그랑빌 106동 앞,인천광역시 연수구 동춘동 234,가,도로,녹지지역,37.41209804,126.6647912
[인천IOT]시대아파트 105동 앞,인천광역시 연수구 청학동 552-8,가,도로,녹지지역,37.42638364,126.6695085
[인천IOT]효정아파트 102동 앞,인천광역시 연수구 청학동 641,가,도로,녹지지역,37.424821,126.67235
[인천IOT]가천관 앞,인천광역시 남동구 구월동 1330-1,가,일반,녹지지역,37.4511888,126.7100103
[인천IOT]가천대길병원 국민검진센터,인천광역시 남동구 구월동 1336,가,도로,녹지지역,37.4511888,126.7100103
[인천IOT]인천논현경찰서 맞은편,인천광역시 남동구 논현동 685,가,도로,녹지지역,37.4044615,126.7151226
[인천IOT]은총초등학교 큰거리 육교 근교 건물 화단,인천광역시 남동구 논현동 697-2,가,일반,녹지지역,37.40556273,126.7243818
[인천IOT]롯데캐슬 2110동 앞 육교 하단,인천광역시 남동구 구월동 27,가,일반,녹지지역,37.45435553,126.714693
[인천IOT]국민은행 맞은편 화단,인천광역시 남동구 구월동 12-2,가,도로,녹지지역,37.45631987,126.7136061
[인천IOT]Z:in 인테리어필름 앞,인천광역시 남동구 간석동 272-3,가,일반,녹지지역,37.46533854,126.7065704
[인천IOT]오거리김밥천국 앞,인천광역시 남동구 간석동 272-3,가,도로,녹지지역,37.46527705,126.7079314
[인천IOT]벽산블루밍아파트 105동 앞,인천광역시 남동구 도림동 236-7,가,도로,녹지지역,37.42144422,126.7304768
[인천IOT]한화아파트 2단지 101동 앞,인천광역시 부평구 산곡동 159-15,가,일반,녹지지역,37.50402262,126.70739
[인천IOT]금호이수마운트밸리 207동 앞,인천광역시 부평구 산곡동 508,가,도로,녹지지역,37.50263118,126.7032234
[인천IOT]삼산타운 주공7단지 702동 앞,인천광역시 부평구 삼산동 484,가,일반,녹지지역,37.50902773,126.7364066
[인천IOT]부개주공 1단지 104-105동 사이,인천광역시 부평구 부개동 503,가,도로,녹지지역,37.5064737,126.7383513
[인천IOT]휴 빌라 앞,인천광역시 부평구 부평동 712,가,도로,녹지지역,37.48556688,126.721607
[인천IOT]부일여자중학교 앞,인천광역시 부평구 부평동 713,가,도로,녹지지역,37.48506225,126.719582
[인천IOT]명보빌라 8동 앞,인천광역시 부평구 산곡동 247-34,가,도로,녹지지역,37.49828574,126.7047185
[인천IOT]부평현대 1단지아파트 101동 앞,인천광역시 부평구 산곡동 307-2,가,도로,녹지지역,37.48960234,126.7098876
[인천IOT]이레쉬르빌 옆 골목,인천광역시 계양구 계산동 1029,가,일반,녹지지역,37.5397688,126.7195886
[인천IOT]경인교육대학교 인근,인천광역시 계양구 계산동 1023,가,도로,녹지지역,37.53845468,126.7189255
[인천IOT]대동아파트 529동 인근,인천광역시 계양구 작전동 912-6,가,일반,녹지지역,37.53101171,126.7425115
[인천IOT]계산여고 맞은편,인천광역시 계양구 계산동 1104,가,도로,녹지지역,37.53787388,126.7421466
[인천IOT]성웅산호타운 121동 앞,인천광역시 계양구 서운동 51-2,가,일반,녹지지역,37.5265459,126.7412433
[인천IOT]보운상사 앞 인근,인천광역시 계양구 작전동 703,가,도로,녹지지역,37.52565242,126.7374567
[인천IOT]한강빌라 6동 앞 도로변,인천광역시 계양구 효성동 623-40,가,도로,녹지지역,37.52698905,126.6978676
[인천IOT]국도프라스틱 앞,인천광역시 서구 오류동 1682,가,일반,녹지지역,37.59204974,126.61458
[인천IOT]삼성테크,인천광역시 서구 오류동 1639-13,가,도로,녹지지역,37.59111403,126.6180561
[인천IOT]창우아이빌 맞은편,인천광역시 서구 당하동 1116,가,도로,녹지지역,37.59388155,126.6689607
[인천IOT]검단탑변원 치과센터 앞,인천광역시 서구 당하동 1118,가,일반,녹지지역,37.59281268,126.6704025
[인천IOT]신현고등학교 후문,인천광역시 서구 신현동 316,가,일반,녹지지역,37.51999485,126.6673494
[인천IOT]신현고등학교 인근,인천광역시 서구 신현동 318,가,도로,녹지지역,37.52044127,126.668928
[인천IOT]예수중심교회 인근,인천광역시 서구 가좌동 551,가,도로,녹지지역,37.47902707,126.6834879
[인천IOT]현대자동차 인천서비스센터 인근,인천광역시 서구 가좌동 292,가,도로,녹지지역,37.48296224,126.680622
[인천IOT]화물자동차용품점 앞,인천광역시 서구 왕길동 596-10,가,도로,녹지지역,37.58753959,126.6351527
[인천IOT]태양칼라지붕 앞,인천광역시 서구 왕길동 204-12,가,도로,녹지지역,37.5934542,126.661782
[인천IOT]리코페레이션 앞,인천광역시 서구 백석동 81-18,가,도로,녹지지역,37.58471668,126.6723059
[인천IOT]가보정밀 맞은편,인천광역시 서구 석남동 600,가,도로,녹지지역,37.50179247,126.6761926
[인천IOT]대광 로제비앙 109동 앞,인천광역시 서구 경서동 41,가,도로,녹지지역,37.55548774,126.6643473
